[
  {
    "type": "text",
    "question": "What color is the sky?",
    "attachments": ["example-image-1.png", "example-image-2.jpg"],
    "answer": "blue"
  },
  {
    "id": 2,
    "type": "category",
    "question": "Assign digits to words",
    "candidates": [
      "One",
      "Two",
      "Three",
      "Four"
    ],
    "categories": ["1", "2", "3", "4"],
    "answer": [0, 1, 2, 3]
  },
  {
    "id": 3,
    "type": "select",
    "question": "Which is the water formula?",
    "candidates": [
      "H2O",
      "O2",
      "O3",
      "H2",
      "C2H5OH"
    ],
    "answer": 0
  },
  {
    "id": 4,
    "type": "multiple-select",
    "question": "Which letters appear in the image?",
    "candidates": [
      "I",
      "M",
      "A",
      "G",
      "E",
      "U",
      "O",
      "T"
    ],
    "attachments": ["example-image-1.png"],
    "answer": [0, 1, 2, 3, 4]
  },
  {
    "id": 5,
    "type": "order",
    "question": "Order numbers by ascending values",
    "answer": [
      "5",
      "13",
      "16",
      "45",
      "92",
      "1296"
    ]
  }
]
